DELETE FROM xamTest.user;
DELETE FROM xamTest.country;
INSERT INTO xamTest.country (id, country)
VALUES
  (1, 'Беларусь'),
  (2, 'Россия'),
  (3, 'Украина');
INSERT INTO xamTest.region (id, country_id, region)
VALUES
  (4, 1, 'Минск'),
  (5, 1, 'Минская обл.'),
  (6, 1, 'Витебск'),
  (7, 2, 'Москва'),
  (8, 2, 'Санкт-Петербург'),
  (9, 2, 'Воркута'),
  (10, 3, 'Киев'),
  (11, 3, 'Харьков'),
  (12, 3, 'Донбас');
INSERT INTO xamTest.user (id, region, login, password, reg_date)
VALUES
  (1, 4, 'Логин1', 'пароль1', '2017-06-24 17:00:02'),
  (2, 4, 'Логин2', 'пароль2', '2017-06-24 17:01:02'),
  (3, 4, 'Логин3', 'пароль3', '2017-06-24 17:02:02'),
  (4, 5, 'Логин4', 'пароль4', '2017-06-24 17:03:02'),
  (5, 5, 'Логин5', 'пароль5', '2017-06-24 17:04:02'),
  (6, 5, 'Логин6', 'пароль6', '2017-06-24 17:05:02'),
  (7, 6, 'Логин7', 'пароль7', '2017-06-24 17:06:02'),
  (8, 7, 'Логин8', 'пароль8', '2017-06-24 17:07:02'),
  (9, 8, 'Логин9', 'пароль9', '2017-06-24 17:08:02'),
  (10, 10, 'Логин10', 'пароль10', '2017-06-24 17:09:02'),
  (11, 11, 'Логин11', 'пароль11', '2017-06-24 17:10:02');
INSERT INTO xamTest.message (id, user_id, date_message, message)
VALUES
  (1, 1, '2017-06-24 17:00:02', 'пример сообщения 1'),
  (2, 1, '2017-06-24 17:00:02', 'пример сообщения 2'),
  (3, 1, '2017-06-24 17:00:02', 'пример сообщения 3'),
  (4, 2, '2017-06-24 17:00:02', 'пример сообщения 4'),
  (5, 2, '2017-06-24 17:00:02', 'пример сообщения 5'),
  (6, 2, '2017-06-24 17:00:02', 'пример сообщения 6'),
  (7, 2, '2017-06-24 17:00:02', 'пример сообщения 7'),
  (8, 3, '2017-06-24 17:00:02', 'пример сообщения 8'),
  (9, 4, '2017-06-24 17:00:02', 'пример сообщения 9'),
  (10, 5, '2017-06-24 17:00:02', 'пример сообщения 10'),
  (11, 6, '2017-06-24 17:00:02', 'пример сообщения 11'),
  (12, 7, '2017-06-24 17:00:02', 'пример сообщения 12'),
  (13, 8, '2017-06-24 17:00:02', 'пример сообщения 13');
INSERT INTO xamTest.comment (id, user_id, message_id, comment)
VALUES
  (1, 1, 1, 'Пример комментария 1'),
  (2, 1, 1, 'Пример комментария 2'),
  (3, 2, 1, 'Пример комментария 3'),
  (4, 3, 1, 'Пример комментария 4'),
  (5, 3, 2, 'Пример комментария 5'),
  (6, 1, 4, 'Пример комментария 6'),
  (7, 5, 5, 'Пример комментария 7'),
  (8, 7, 6, 'Пример комментария 8'),
  (9, 1, 7, 'Пример комментария 9'),
  (10, 10, 8, 'Пример комментария 10'),
  (11, 4, 3, 'Пример комментария 11'),
  (12, 2, 5, 'Пример комментария 12');
INSERT INTO xamTest.like (id, user_id, message_id, comment_id)
VALUES
  (1, 1, 1, NULL),
  (2, 2, 1, NULL),
  (3, 3, 1, NULL),
  (4, 1, 2, NULL),
  (5, 1, 3, NULL),
  (6, 2, 2, NULL),
  (7, 1, NULL, 1),
  (8, 2, NULL, 1),
  (9, 4, NULL, 1),
  (10, 1, NULL, 2),
  (11, 1, NULL, 3),
  (12, 4, NULL, 2),
  (13, 5, NULL, 1);
